,City,Cloudiness (%),Country,Date (Unix UTC),Humidity (%),Lat,Lng,Max Temp (F),Wind Speed (mph)
0,Cidreira,94,BR,1577936994,84,-30.17,-50.22,75.36200000000005,20.088260000000002
1,Maraa,68,BR,1577937114,88,-1.83,-65.37,73.65200000000007,2.237
2,Port Lincoln,96,AU,1577937047,51,-34.72,135.86,73.86800000000008,9.93228
3,Mar del Plata,0,AR,1577937115,78,-46.43,-67.52,61.88000000000004,4.6977
4,Georgetown,40,GY,1577936883,94,6.8,-58.16,71.6,4.6977
5,Alenquer,20,BR,1577937115,94,-1.95,-54.74,75.2,1.1185
6,Miles City,90,US,1577937115,100,46.41,-105.84,35.99600000000005,9.1717
7,Cape Town,75,ZA,1577937100,100,-33.93,18.42,68.0,17.2249
8,Khatanga,0,RU,1577937115,82,71.98,102.47,-9.885999999999967,5.1451
9,Husavik,91,CA,1577936859,91,50.56,-96.99,23.0,8.99274
10,Ashland,1,US,1577937116,100,38.48,-82.64,39.992,6.174119999999999
11,Atuona,0,PF,1577937116,72,-9.8,-139.03,80.38399999999999,15.83796
12,Bakchar,100,RU,1577937116,93,57.02,82.07,24.962000000000057,9.1717
13,Lebu,20,ET,1577936858,87,8.96,38.73,50.0,2.237
14,Yellowknife,90,CA,1577937116,84,62.45,-114.38,5.0,3.3555
15,Albany,90,US,1577936824,55,42.65,-73.75,35.6,8.0532
16,Gela,0,IT,1577937116,69,37.07,14.25,42.008,4.6977
17,Busselton,57,AU,1577936867,42,-33.64,115.35,73.99400000000009,14.02599
18,Hermanus,67,ZA,1577936967,95,-34.42,19.24,62.99600000000005,14.36154
19,Mitsamiouli,75,KM,1577937117,78,-11.38,43.28,82.4,9.1717
20,Mehamn,100,NO,1577937117,88,71.03,27.85,23.61200000000006,18.52236
21,Qaanaaq,98,GL,1577937117,87,77.48,-69.36,-35.625999999999934,6.599150000000001
22,Port Alfred,22,ZA,1577937117,93,-33.59,26.89,66.99199999999999,10.71523
23,Karpogory,75,RU,1577937117,95,64.0,44.44,4.910000000000082,5.45828
24,Buraydah,100,SA,1577937118,57,26.33,43.97,50.0,2.237
25,Atbasar,100,KZ,1577937118,92,51.81,68.36,29.228000000000065,19.350050000000003
26,Leningradskiy,0,RU,1577937118,97,69.38,178.42,-21.639999999999972,5.32406
27,Kochubey,100,RU,1577937118,75,44.39,46.54,39.092,6.554410000000001
28,Chapais,90,CA,1577937118,92,49.78,-74.86,19.4,9.1717
29,Barrow,0,AR,1577937118,97,-38.31,-60.23,55.688000000000045,6.4873
30,Torbay,90,CA,1577936851,87,47.66,-52.73,35.00600000000003,14.987900000000002
31,Auki,0,NG,1577937119,30,12.18,6.51,53.67200000000004,19.95404
32,Port Elizabeth,1,US,1577937119,86,39.31,-74.98,33.998000000000026,5.79383
33,Ushuaia,40,AR,1577937119,39,-54.81,-68.31,64.4,13.8694
34,Saldanha,1,PT,1577937119,70,41.42,-6.55,36.82400000000001,1.5435299999999998
35,Vaini,40,IN,1577936843,88,15.34,74.49,73.4,2.05804
36,Jiayuguan,0,CN,1577937120,43,39.77,98.29,25.916000000000007,3.6463099999999997
37,Carnarvon,0,ZA,1577937120,63,-30.97,22.13,60.38600000000007,7.74002
38,Sakaraha,0,MG,1577937120,77,-22.91,44.53,75.03800000000004,1.5435299999999998
39,Orikum,0,AL,1577937120,49,40.33,19.47,41.18000000000004,7.13603
40,Portland,20,US,1577937120,69,43.66,-70.25,35.00600000000003,9.1717
41,Thompson,90,CA,1577937120,92,55.74,-97.86,6.800000000000001,4.6977
42,Vao,100,EE,1577937121,91,59.1,26.19,35.24000000000002,10.133610000000001
43,Provideniya,27,RU,1577937121,88,64.42,-173.23,-20.451999999999977,10.44679
44,Saskylakh,0,RU,1577937121,84,71.97,114.09,-14.259999999999984,12.79564
45,Hilo,1,US,1577936975,61,19.71,-155.08,78.80000000000001,6.9347
46,Sinop,59,TR,1577937121,78,42.03,35.15,43.39400000000008,13.22067
47,Faya,0,SA,1577937121,62,18.39,42.45,57.2,11.4087
48,Upernavik,81,GL,1577937122,85,72.79,-56.15,-19.13799999999994,6.509670000000001
49,Yarada,75,IN,1577937122,73,17.65,83.27,73.4,9.1717
50,Tiksi,0,RU,1577937077,74,71.64,128.87,-25.707999999999956,4.16082
51,Rikitea,33,PF,1577936971,79,-23.12,-134.97,78.87200000000004,8.008460000000001
52,Rio Grande,100,BR,1577937095,83,-32.03,-52.1,69.00800000000001,1.99093
53,Aripuana,100,BR,1577936946,99,-9.17,-60.63,71.02400000000002,0.82769
54,Yeppoon,33,AU,1577937123,41,-23.13,150.74,93.2,9.1717
55,Nanortalik,100,GL,1577937123,51,60.14,-45.24,25.64600000000005,16.44195
56,Vredendal,100,ZA,1577937123,85,-31.68,18.49,63.87800000000007,5.74909
57,Quballat,40,TN,1577937123,87,36.54,9.66,46.4,1.1185
58,Banda Aceh,5,ID,1577937123,63,5.56,95.32,82.11200000000005,9.21644
59,Blackwater,21,GB,1577937123,93,51.33,-0.78,46.004000000000055,8.0532
60,Puerto Ayora,31,EC,1577937124,82,-0.74,-90.35,73.99400000000009,5.010880000000001
61,San Patricio,0,PY,1577936995,75,-26.98,-56.83,74.642,7.69528
62,Bluff,0,AU,1577936968,24,-23.58,149.07,96.08000000000004,12.99697
63,Kargasok,100,RU,1577937124,92,59.06,80.87,17.978000000000065,10.871820000000001
64,Dikson,100,RU,1577936845,92,73.51,80.55,0.3380000000000436,24.45041
65,East London,75,ZA,1577937124,88,-33.02,27.91,69.80000000000001,8.0532
66,Rafsanjan,0,IR,1577937125,58,30.4,55.99,45.69800000000002,2.63966
67,Ponta do Sol,100,BR,1577937125,93,-20.63,-46.0,67.87400000000002,2.72914
68,Rundu,100,NA,1577937125,94,-17.91,19.77,68.0,2.237
69,Kota Kinabalu,75,MY,1577937052,74,5.98,116.07,86.0,3.3555
70,Avarua,76,CK,1577937125,78,-21.21,-159.78,80.6,18.3434
71,Tuktoyaktuk,90,CA,1577937125,76,69.44,-133.03,-5.799999999999947,14.987900000000002
72,Adrar,0,DZ,1577937126,51,27.87,-0.29,37.4,11.4087
73,Waynesville,1,US,1577936916,39,37.83,-92.2,44.99600000000005,13.8694
74,Iranshahr,20,IR,1577937126,62,27.21,60.69,55.400000000000006,5.54776
75,Newport,90,GB,1577937126,93,51.59,-3.0,48.2,4.6977
76,Emba,75,CY,1577937126,93,34.81,32.42,51.8,10.2902
77,Port Blair,40,IN,1577937127,74,11.67,92.75,84.2,11.4087
78,Longhua,100,CN,1577937127,64,29.21,106.21,51.89000000000002,1.61064
79,Yulara,16,AU,1577937127,19,-25.24,130.99,100.4,12.750900000000001
80,Kodiak,1,US,1577937127,65,39.95,-94.76,46.004000000000055,16.1064
81,Macklin,0,CA,1577937127,93,52.34,-109.94,18.69800000000002,7.449210000000001
82,Souillac,90,FR,1577937056,93,45.6,-0.6,48.2,8.0532
83,Grand-Santi,97,GF,1577937127,97,4.27,-54.38,66.95600000000003,1.61064
84,Fukue,40,JP,1577937128,50,35.03,136.69,51.998000000000026,8.0532
85,Hualmay,72,PE,1577937128,79,-11.1,-77.61,68.36000000000008,3.15417
86,Bredasdorp,64,ZA,1577937128,88,-34.53,20.04,64.4,2.237
87,College,90,US,1577936873,83,64.86,-147.8,-2.001999999999974,3.3555
88,Mataura,22,NZ,1577936847,46,-46.19,168.86,69.29600000000005,4.20556
89,Port Hedland,69,AU,1577937128,50,-20.31,118.58,95.0,16.1064
90,Te Anau,0,NZ,1577937129,48,-45.41,167.72,63.05,11.99032
91,Vardo,1,US,1577937129,64,39.62,-77.74,37.4,4.6977
92,Chuy,100,UY,1577937129,83,-33.69,-53.46,68.52200000000005,10.155980000000001
93,Oytal,0,KZ,1577937129,66,42.91,73.27,25.808000000000003,4.27267
94,Delhi,20,IN,1577937080,93,28.65,77.22,57.00200000000008,3.28839
95,La Romana,20,DO,1577937129,100,18.43,-68.97,78.80000000000001,4.6977
96,Victoria,75,BN,1577937129,70,5.28,115.24,89.6,5.8162
97,Chokurdakh,100,RU,1577937130,97,70.62,147.9,-13.593999999999973,3.0646900000000006
98,Tasiilaq,0,GL,1577937130,55,65.61,-37.64,8.599999999999998,35.5683
99,Norman Wells,90,CA,1577937130,83,65.28,-126.83,-9.399999999999949,14.987900000000002
100,Noumea,75,NC,1577937130,51,-22.28,166.46,84.2,17.2249
101,Matara,100,BI,1577937130,93,-3.48,29.48,57.21800000000009,2.95284
102,Mareeba,0,AU,1577937130,58,-16.99,145.42,93.99199999999999,12.750900000000001
103,Tautira,75,PF,1577937131,83,-17.73,-149.15,80.6,12.750900000000001
104,Anadyr,0,RU,1577937131,73,64.73,177.51,-30.99999999999995,11.185
105,Madang,0,CN,1577937131,60,35.32,102.79,27.194000000000074,2.84099
106,Cherskiy,100,RU,1577937131,65,68.75,161.3,-2.109999999999978,14.786570000000001
107,Leh,69,IN,1577937131,50,34.16,77.58,-2.9559999999999818,1.76723
108,Jardim,61,BR,1577937047,81,-21.48,-56.15,75.00200000000008,2.237
109,Bonthe,9,SL,1577937132,82,7.53,-12.5,76.5680000000001,3.71342
110,Saint-Augustin,90,CA,1577937093,93,45.63,-73.98,33.008,17.2249
111,Hobyo,3,SO,1577936850,81,5.35,48.53,77.43200000000002,12.43772
112,Castro,0,CL,1577937132,81,-42.48,-73.76,51.8,4.6977
113,Ribeira Grande,0,PT,1577936853,71,38.52,-28.7,55.274000000000015,12.12454
114,Nouadhibou,100,MR,1577937132,27,20.93,-17.03,64.4,13.8694
115,Saint George,20,GR,1577937133,59,39.45,22.34,39.2,11.4087
116,Zhigansk,0,RU,1577937133,91,66.77,123.37,-33.55599999999998,3.51209
117,Northam,40,AU,1577937133,47,-31.65,116.67,77.0,18.3434
118,La Ronge,90,CA,1577937057,92,55.1,-105.3,21.2,1.49879
119,Lavrentiya,63,RU,1577936886,83,65.58,-170.99,-13.017999999999986,16.084030000000002
120,Kavieng,100,PG,1577936968,69,-2.57,150.8,84.47000000000006,3.19891
121,Ternate,20,PH,1577937133,66,14.29,120.72,87.00800000000001,12.750900000000001
122,Touros,40,BR,1577937134,83,-5.2,-35.46,78.80000000000001,5.8162
123,Hobart,35,AU,1577936982,40,-42.88,147.33,73.00400000000005,16.1064
124,Lorengau,100,PG,1577937134,70,-2.02,147.27,84.66800000000009,5.99516
125,Plettenberg Bay,0,ZA,1577937134,92,-34.05,23.37,63.806000000000026,5.1451
126,Butaritari,100,KI,1577936844,72,3.07,172.79,84.45200000000008,2.03567
127,Kavaratti,40,IN,1577937135,74,10.57,72.64,84.2,4.6977
128,Dzhebariki-Khaya,100,RU,1577937135,96,62.22,135.8,-26.10399999999995,0.29081
129,Ancud,0,CL,1577937035,81,-41.87,-73.83,51.8,4.6977
130,Arraial do Cabo,74,BR,1577936858,88,-22.97,-42.02,77.0,18.3434
131,Coruripe,96,BR,1577937135,82,-10.12,-36.18,78.63800000000005,14.36154
132,Blacksburg,1,US,1577937062,69,37.23,-80.41,37.99400000000007,4.6977
133,Osorno,0,CL,1577937136,76,-40.57,-73.14,54.89600000000005,3.89238
134,Okitipupa,0,NG,1577937136,50,6.5,4.78,68.12600000000009,2.59492
135,Praya,75,ID,1577937136,62,-8.71,116.27,87.80000000000001,5.8162
136,Maragogi,100,BR,1577937136,77,-9.01,-35.22,80.042,12.90749
137,Keetmanshoop,0,NA,1577937136,33,-26.57,18.15,71.6,11.4087
138,Brae,100,GB,1577937136,87,60.4,-1.35,48.2,23.041100000000004
139,Nikolskoye,90,RU,1577936863,86,59.7,30.79,37.99400000000007,11.185
140,Broken Hill,0,AU,1577937137,11,-31.97,141.45,89.6,8.0532
141,Punta Arenas,75,CL,1577936969,55,-53.16,-70.91,60.8,4.6977
142,Naze,96,NG,1577937137,88,5.43,7.07,68.0,3.60157
143,Ulladulla,0,AU,1577937137,50,-35.36,150.48,82.00400000000005,12.750900000000001
144,Lompoc,75,US,1577937092,100,34.64,-120.46,60.00800000000001,17.2249
145,Praia da Vitoria,20,PT,1577937138,93,38.73,-27.07,51.8,11.09552
146,Rome,0,IT,1577936431,69,41.89,12.48,46.99400000000007,1.1185
147,Arkadak,65,RU,1577937138,89,51.94,43.49,18.410000000000082,6.53204
148,Padang,99,ID,1577936883,72,-0.92,100.36,75.07400000000001,3.40024
149,Jamestown,0,AU,1577937138,9,-33.21,138.6,89.79800000000003,6.73337
150,Samdari,0,IN,1577937138,72,25.81,72.58,56.48000000000005,13.73518
151,Svetlaya,0,RU,1577937138,59,46.54,138.33,11.228000000000065,8.008460000000001
152,Avera,1,US,1577937139,81,33.19,-82.53,48.992,4.6977
153,Luanda,40,AO,1577936891,88,-8.83,13.24,78.80000000000001,2.237
154,Soldotna,75,US,1577936882,77,60.48,-151.07,8.996000000000048,5.79383
155,Alice Springs,4,AU,1577937139,11,-23.7,133.88,104.0,5.8162
156,Ouallam,0,NE,1577937139,21,14.32,2.08,57.72200000000004,15.79322
157,Kloulklubed,75,PW,1577937139,74,7.04,134.26,84.2,16.1064
158,Quelimane,40,MZ,1577937140,94,-17.88,36.89,78.80000000000001,3.3555
159,Brewster,1,US,1577937140,69,41.76,-70.08,37.4,8.0532
160,Coihaique,0,CL,1577937140,55,-45.58,-72.07,60.8,3.3555
161,Yar-Sale,8,RU,1577937140,94,66.83,70.83,-1.2099999999999795,11.31922
162,Pombas,100,BR,1577937140,90,-15.9,-54.74,72.89600000000004,2.61729
163,Namatanai,73,PG,1577936880,69,-3.66,152.44,86.54000000000002,8.5006
164,Mutoko,100,ZW,1577937141,96,-17.4,32.23,65.73200000000003,1.74486
165,Hithadhoo,12,MV,1577937141,73,-0.6,73.08,83.58800000000005,11.11789
166,Humberto de Campos,100,BR,1577937141,87,-2.6,-43.46,78.08000000000004,4.76481
167,Yingkou,0,CN,1577936851,69,40.67,122.24,20.930000000000042,4.29504
168,Hambantota,75,LK,1577937023,100,6.12,81.12,78.80000000000001,5.8162
169,Kaitangata,45,NZ,1577937142,86,-46.28,169.85,53.88800000000005,6.95707
170,Cherlak,100,RU,1577937142,97,54.15,74.8,33.44000000000002,19.6856
171,Saint-Gabriel,90,CA,1577937142,86,46.3,-73.38,30.991999999999997,8.0532
172,Lata,100,IN,1577936899,73,30.78,78.62,11.444000000000074,6.21886
173,Isla Mujeres,40,MX,1577937101,78,21.23,-86.73,77.0,8.0532
174,Pisco,100,PE,1577937143,88,-13.71,-76.2,69.80000000000001,6.9347
175,Ningxiang,90,CN,1577937143,93,28.28,112.55,44.6,6.711
176,Bojnurd,77,IR,1577937143,86,37.47,57.33,26.6,2.237
177,Charters Towers,0,AU,1577937143,30,-20.07,146.27,94.69400000000007,12.21402
178,Udachnyy,0,RU,1577937143,83,66.42,112.4,-3.9999999999999503,4.474
179,Burnie,100,AU,1577936880,42,-41.05,145.91,77.0,11.99032
180,Cabadiangan,40,PH,1577937144,66,10.45,123.98,86.0,16.1064
181,Hasaki,75,JP,1577937144,43,35.73,140.83,50.0,5.8162
182,Santiago de Cao,75,PE,1577937144,83,-7.96,-79.24,69.80000000000001,11.4087
183,Sola,99,TZ,1577937144,81,-3.17,33.8,63.194000000000074,7.628170000000001
184,Kenai,90,US,1577937144,60,60.55,-151.26,8.996000000000048,11.4087
185,Chicama,75,PE,1577936980,83,-7.84,-79.15,69.80000000000001,11.4087
186,Mahibadhoo,10,MV,1577937145,74,3.78,72.97,82.43600000000006,12.460090000000001
187,Airai,100,TL,1577937145,72,-8.93,125.41,78.9260000000001,4.9214
188,Longyearbyen,75,NO,1577937145,60,78.22,15.63,10.399999999999999,10.2902
189,Sitka,0,US,1577936863,52,37.17,-99.65,42.998000000000026,5.23458
190,Ust-Tsilma,99,RU,1577937146,95,65.44,52.15,11.624000000000013,5.391170000000001
191,Shimoda,75,JP,1577937146,54,34.7,138.93,55.004000000000055,3.3555
192,Cilegon,40,ID,1577937146,74,-6.02,106.05,84.2,11.4087
193,Gold Coast,0,AU,1577937146,61,-28.0,153.41,93.00200000000008,14.987900000000002
194,Codrington,0,AU,1577937146,46,-28.95,153.24,93.2,14.987900000000002
195,Launceston,40,AU,1577936594,46,-41.43,147.14,73.99400000000009,14.987900000000002
196,Karratha,73,AU,1577937147,69,-20.74,116.85,84.21800000000009,13.13119
197,Fairbanks,90,US,1577936892,83,64.84,-147.72,-2.001999999999974,3.3555
198,Cururupu,100,BR,1577937147,96,-1.82,-44.87,74.93000000000004,1.83434
199,Fengzhen,100,CN,1577937147,53,40.43,113.15,21.812000000000054,1.8119700000000003
200,Faanui,95,PF,1577937147,80,-16.48,-151.75,81.734,17.73941
201,Lawrenceburg,75,US,1577937148,49,35.24,-87.33,48.2,4.6977
202,Ilulissat,100,GL,1577937075,71,69.22,-51.1,6.800000000000001,4.6977
203,Martapura,99,ID,1577937148,81,-3.41,114.85,82.76000000000008,2.72914
204,Hamilton,20,CA,1577937148,92,43.26,-79.87,35.00600000000003,10.2902
205,Mao,20,DO,1577937148,100,19.55,-71.08,77.0,3.44498
206,Itaqui,94,BR,1577937148,73,-29.13,-56.55,75.12800000000007,11.31922
207,Mayumba,100,GA,1577937148,84,-3.44,10.65,81.35600000000002,3.31076
208,Maraba,100,BR,1577937149,100,-5.35,-49.1,75.2,1.09613
209,Riviere-du-Loup,100,CA,1577937149,79,47.83,-69.53,26.654000000000053,11.341590000000002
210,Severo-Kurilsk,47,RU,1577937149,75,50.68,156.12,21.416000000000007,7.56106
211,New Norfolk,39,AU,1577937149,40,-42.78,147.06,73.00400000000005,16.1064
212,Saint-Paul,76,FR,1577937149,97,45.22,1.9,41.0,3.3555
213,Igarka,100,RU,1577937150,95,67.47,86.57,-0.2379999999999427,10.80471
214,Itarema,93,BR,1577937150,89,-2.92,-39.92,77.0,3.78053
215,Bethel,90,US,1577937066,76,60.79,-161.76,-2.199999999999953,11.4087
216,Tamandare,100,BR,1577937150,97,-8.28,-70.75,72.89600000000004,2.5054400000000006
217,Qaqortoq,50,GL,1577937150,51,60.72,-46.03,10.399999999999999,6.39782
218,Madera,75,US,1577937050,81,36.96,-120.06,53.6,3.3555
219,Pevek,0,RU,1577937150,84,69.7,170.27,-14.619999999999962,8.0532
220,Vasai,1,IN,1577937151,68,22.43,69.93,66.21800000000009,11.58766
221,Lerwick,100,GB,1577937151,81,60.15,-1.15,48.2,26.396600000000003
222,Kadoshkino,0,RU,1577937151,92,54.03,44.42,14.68399999999999,8.03083
223,Bonnyville,90,CA,1577937140,92,54.27,-110.74,26.6,2.237
224,Gasa,22,BT,1577937151,67,27.91,89.73,12.074000000000012,4.60822
225,Iqaluit,90,CA,1577937152,77,63.75,-68.52,3.1999999999999993,3.3555
226,Sabha,0,LY,1577937152,67,27.03,14.43,42.20600000000003,9.41777
227,Salalah,20,OM,1577937152,64,17.01,54.1,71.6,5.8162
228,Broome,0,GB,1577936877,93,52.47,1.45,42.998000000000026,9.1717
229,La Seyne-sur-Mer,67,FR,1577937152,93,43.1,5.88,39.992,2.237
230,Sao Filipe,100,CV,1577937007,72,14.9,-24.5,72.24800000000002,8.925630000000002
231,Saint-Joseph,90,FR,1577937015,93,43.56,6.97,44.6,5.8162
232,Kaeo,0,NZ,1577937153,70,-35.1,173.78,78.00800000000001,1.99093
233,High Level,90,CA,1577936869,92,58.52,-117.13,15.8,3.82527
234,Samarai,18,PG,1577937153,78,-10.62,150.67,83.49800000000002,4.29504
235,San-Pedro,33,CI,1577937153,79,4.75,-6.64,82.11200000000005,7.91898
236,Khandbari,100,NP,1577937153,34,27.38,87.21,42.44000000000002,1.63301
237,Narsaq,17,GL,1577937153,51,60.91,-46.05,10.399999999999999,5.391170000000001
238,Kieta,72,PG,1577937154,73,-6.22,155.63,84.14600000000004,6.509670000000001
239,Skjervoy,100,NO,1577936892,94,70.03,20.97,38.354000000000056,32.12332
240,Sorong,30,ID,1577937154,50,-0.86,131.25,92.58800000000005,3.0646900000000006
241,Hartselle,1,US,1577937154,45,34.44,-86.94,48.00200000000008,8.0532
242,Namibe,100,AO,1577937154,79,-15.19,12.15,73.88600000000008,6.73337
243,Bubaque,100,GW,1577937155,56,11.28,-15.83,78.72800000000007,7.717650000000001
244,Santiago del Estero,0,AR,1577936980,43,-27.8,-64.26,75.74000000000002,4.31741
245,Caxito,59,BR,1577937155,88,-22.65,-42.51,77.0,18.3434
246,Marsh Harbour,0,BS,1577937155,57,26.54,-77.06,73.25600000000003,4.58585
247,Ceres,100,BR,1577937155,93,-15.31,-49.6,69.80000000000001,2.39359
248,Sinnamary,56,GF,1577937155,73,5.38,-52.96,79.46600000000001,12.90749
249,Sept-Iles,75,CA,1577937155,79,50.2,-66.38,24.998000000000026,8.0532
250,San Luis,31,AR,1577937156,45,-33.3,-66.34,76.29800000000003,18.61184
251,Mali,91,CN,1577937156,56,27.53,102.2,49.55,4.38452
252,Seminole,1,US,1577937156,45,32.72,-102.64,50.0,11.4087
253,Luderitz,0,NA,1577936868,72,-26.65,15.16,64.4,18.3434
254,Charlestown,40,US,1577937156,59,41.38,-71.64,35.99600000000005,8.0532
255,Baruun-Urt,0,MN,1577937156,80,46.68,113.28,5.12600000000009,10.75997
256,Nioro,0,GM,1577937157,14,13.79,-15.05,67.85600000000002,12.70616
257,Corralillo,33,CU,1577937157,83,22.98,-80.59,75.542,12.23639
258,Inuvik,90,CA,1577937157,76,68.36,-133.71,-5.799999999999947,9.1717
259,Vila Velha,75,BR,1577937157,83,-3.71,-38.6,80.99600000000005,4.6977
260,Nyurba,22,RU,1577937058,97,63.29,118.35,-27.957999999999956,2.72914
261,Madimba,40,CM,1577937157,94,4.42,9.93,78.80000000000001,2.237
262,Boguchany,99,RU,1577937158,91,58.38,97.46,19.544000000000075,8.276900000000001
263,Cabo San Lucas,5,MX,1577937158,77,22.89,-109.91,66.00200000000008,3.3555
264,Lodwar,6,KE,1577937158,47,3.12,35.6,80.74400000000009,5.90568
265,Xinqing,0,CN,1577937158,68,48.28,129.53,1.3460000000000498,10.89419
266,West Bay,40,CA,1577937158,87,49.34,-123.21,46.004000000000055,24.1596
267,Sao Miguel do Araguaia,87,BR,1577937159,92,-13.28,-50.16,73.25600000000003,2.81862
268,Bathsheba,40,BB,1577937159,69,13.22,-59.52,80.6,13.8694
269,Maiduguri,0,NG,1577937159,40,11.84,13.15,54.71600000000001,10.603380000000001
270,Rupert,1,US,1577937159,74,42.62,-113.68,35.6,19.4619
271,Gamba,28,CN,1577937159,51,28.28,88.52,8.833999999999993,2.08041
272,Dunedin,86,NZ,1577937159,80,-45.87,170.5,57.992,8.008460000000001
273,Dingle,64,PH,1577936969,67,11.0,122.67,82.50800000000001,17.6723
274,Hit,100,IQ,1577937160,64,33.64,42.83,51.96200000000006,5.077990000000001
275,Lamu,6,CN,1577937160,29,35.77,102.37,30.36200000000006,2.81862
276,Xam Nua,88,LA,1577936909,63,20.42,104.04,69.9260000000001,0.76058
277,Geraldton,90,CA,1577937160,92,49.72,-86.95,17.6,3.3555
278,San Policarpo,48,PH,1577937160,75,12.18,125.51,82.36400000000003,17.64993
279,Murchison,0,AU,1577937161,10,-36.62,145.22,93.99199999999999,7.00181
280,Puerto Penasco,0,MX,1577937065,72,31.32,-113.53,57.992,1.00665
281,Mineral Wells,1,US,1577937004,76,32.81,-98.11,55.400000000000006,9.1717
282,Ciudad Bolivar,32,VE,1577937161,66,8.12,-63.55,77.07200000000003,10.2902
283,Taltal,25,CL,1577937161,93,-25.41,-70.49,57.47000000000006,3.6463099999999997
284,Amapa,75,HN,1577937161,83,15.09,-87.97,77.0,3.3555
285,Mujiayingzi,0,CN,1577937001,32,42.12,118.78,22.891999999999996,4.76481
286,Dhidhdhoo,9,MV,1577937162,77,6.88,73.1,82.45400000000006,14.85368
287,Windhoek,100,NA,1577937162,88,-22.57,17.08,66.2,1.1185
288,Kapaa,20,US,1577937162,61,22.08,-159.32,78.80000000000001,11.4087
289,Banjar,73,ID,1577937162,60,-7.37,108.54,88.12400000000002,0.8948
290,Bambous Virieux,75,MU,1577937162,88,-20.34,57.76,80.99600000000005,4.33978
291,Makakilo City,90,US,1577937022,73,21.35,-158.09,78.80000000000001,9.1717
292,Dwarka,20,IN,1577937163,93,28.58,77.04,57.00200000000008,3.28839
293,Hirara,75,JP,1577936910,60,24.8,125.28,71.6,10.2902
294,Pochutla,20,MX,1577937163,74,15.74,-96.47,78.80000000000001,14.92079
295,Springfield,90,US,1577937003,59,42.1,-72.59,35.99600000000005,9.1717
296,Dunda,95,IN,1577937163,38,30.62,78.32,42.35,2.93047
297,Alofi,30,NU,1577937164,69,-19.06,-169.92,80.6,10.2902
298,Saint-Michel-des-Saints,79,CA,1577937164,92,46.68,-73.92,20.24600000000005,8.23216
299,Mackay,90,CA,1577937074,100,53.65,-115.58,26.6,3.3555
300,Pacific Grove,90,US,1577937164,93,36.62,-121.92,55.99400000000007,9.1717
301,Barranco de Loba,100,CO,1577937165,85,8.94,-74.11,76.1,0.60399
302,Beloha,53,MG,1577937026,86,-25.17,45.06,73.058,11.90084
303,Lagoa,20,PT,1577936973,87,37.14,-8.45,55.004000000000055,8.0532
304,Kahului,40,US,1577936903,69,20.89,-156.47,78.80000000000001,6.9347
305,Providencia,100,CO,1577937165,91,1.24,-77.6,52.070000000000064,0.96191
306,Khed Brahma,79,IN,1577937166,80,24.03,73.05,59.648000000000025,5.480650000000001
307,Callaguip,20,PH,1577937166,58,18.07,120.49,86.0,6.9347
308,Horqueta,0,PY,1577937166,60,-23.34,-57.05,77.46800000000009,3.73579
309,Matamoros,90,US,1577936968,100,25.87,-97.51,62.99600000000005,5.8162
310,Moshi,20,TZ,1577937166,93,-3.36,37.34,66.2,5.8162
311,Hovd,75,NO,1577937022,93,63.83,10.7,46.99400000000007,5.8162
312,Sabla,0,NG,1577937166,27,12.75,4.71,57.254000000000055,18.36577
313,Gornopravdinsk,86,RU,1577937167,98,60.06,69.92,-1.8579999999999544,4.49637
314,Slave Lake,90,CA,1577937167,92,55.28,-114.77,14.0,6.9347
315,Elko,90,US,1577937008,86,40.83,-115.76,33.998000000000026,3.3555
316,Erenhot,63,CN,1577937167,63,43.65,111.97,12.866000000000007,6.66626
317,Aquiraz,75,BR,1577937167,83,-3.9,-38.39,80.99600000000005,4.6977
318,Kencong,81,ID,1577937167,67,-7.78,112.24,84.47000000000006,4.33978
319,Brazzaville,100,CD,1577937168,94,-4.27,15.27,73.4,1.61064
320,Angoche,100,MZ,1577937168,95,-16.23,39.91,76.15400000000005,5.68198
321,Esperance,90,AU,1577936906,60,-33.86,121.89,75.2,21.922600000000003
322,Tazovskiy,98,RU,1577937168,97,67.47,78.7,-5.997999999999976,8.276900000000001
323,Ramhormoz,100,IR,1577937000,73,31.28,49.6,51.08000000000004,0.93954
324,Mahebourg,75,MU,1577937168,88,-20.41,57.7,80.99600000000005,2.5278099999999997
325,Gidam,3,IN,1577937168,75,18.98,81.4,67.29800000000003,2.97521
326,Saint-Philippe,90,CA,1577937005,88,45.36,-73.48,33.008,17.2249
327,Barra do Garcas,100,BR,1577937169,89,-15.89,-52.26,73.41800000000009,1.72249
328,Port Shepstone,100,ZA,1577937169,98,-30.74,30.45,71.25800000000001,2.4607
329,Lasa,75,CY,1577937169,93,34.92,32.53,51.8,10.2902
330,Palanit,11,PH,1577937169,64,12.32,124.34,83.48000000000005,15.256340000000002
331,Mandera,43,ET,1577937169,53,3.94,41.86,81.12200000000004,8.61245
332,Den Helder,90,NL,1577937170,93,52.96,4.76,39.2,11.4087
333,Muroto,20,JP,1577937170,40,33.37,134.14,53.6,3.3555
334,Henties Bay,100,NA,1577937170,91,-22.12,14.28,60.998000000000026,1.99093
335,Richards Bay,11,ZA,1577937170,89,-28.77,32.06,75.092,3.53446
336,Cockburn Town,0,TC,1577937025,72,21.46,-71.14,78.15200000000007,11.31922
337,Tsogni,100,GA,1577937170,81,-2.79,10.1,81.55400000000006,2.03567
338,The Valley,75,AI,1577937170,83,18.22,-63.06,78.80000000000001,5.8162
339,Pringsewu,93,ID,1577937171,71,-5.36,104.98,82.72400000000002,1.27509
340,Puerto Escondido,20,MX,1577937171,74,15.86,-97.07,78.80000000000001,2.43833
341,Ajdabiya,47,LY,1577937171,71,30.75,20.22,53.51000000000008,4.85429
342,Jining,24,CN,1577937086,46,35.41,116.58,42.15200000000008,2.21463
343,Lugo,66,ES,1577936890,100,43.01,-7.56,30.991999999999997,2.99758
344,Waddan,3,LY,1577937171,89,29.16,16.14,43.97000000000006,9.373030000000002
345,Gibsons,40,CA,1577937171,87,49.4,-123.51,46.004000000000055,24.1596
346,Camopi,83,GF,1577937172,96,3.17,-52.33,67.87400000000002,3.17654
347,Kamiiso,75,JP,1577937172,63,41.82,140.65,30.2,19.4619
348,Ushtobe,0,KZ,1577937002,61,45.25,77.98,24.29600000000005,4.004230000000001
349,Jurm,100,AF,1577937172,47,36.86,70.83,18.554000000000052,9.48488
350,Caravelas,0,BR,1577937172,90,-17.73,-39.27,73.83200000000002,9.14933
351,Okhotsk,100,RU,1577937084,77,59.36,143.24,15.13399999999999,9.50725
352,Elizabeth City,1,US,1577937173,74,36.3,-76.22,46.99400000000007,6.30834
353,Biloela,0,AU,1577937173,21,-24.4,150.51,96.08000000000004,7.13603
354,Poronaysk,17,RU,1577937173,69,49.22,143.1,8.708000000000002,9.194070000000002
355,San Vicente,75,EC,1577937173,83,-0.59,-80.41,77.0,6.9347
356,Ayolas,0,PY,1577937173,76,-27.39,-56.84,74.22800000000007,7.270250000000001
357,Talnakh,100,RU,1577937173,84,69.49,88.39,-0.39999999999994884,24.607
358,Penzance,4,GB,1577937173,81,50.12,-5.53,51.00800000000001,11.4087
359,Dicabisagan,81,PH,1577937174,86,17.08,122.42,76.334,13.08645
360,Poum,0,MK,1577937174,61,41.28,20.71,25.718000000000085,4.78718
361,Sangmelima,99,CM,1577937174,94,2.93,11.98,67.892,3.51209
362,Kroya,100,ID,1577937174,70,-6.5,108.06,84.75800000000001,13.668070000000002
363,Beyneu,3,KZ,1577937174,90,45.32,55.19,33.83600000000007,10.782340000000001
364,Belaya Gora,96,RU,1577937174,98,68.54,146.19,-26.877999999999965,3.8029
365,Ust-Kulom,85,RU,1577937175,97,61.69,53.69,-1.1379999999999413,5.23458
366,Rokytne,100,UA,1577937175,90,51.27,27.23,31.262000000000057,9.3954
367,Waycross,1,US,1577937175,87,31.21,-82.35,46.99400000000007,1.1185
368,Jaffna,59,LK,1577937164,80,9.67,80.01,80.79800000000003,10.64812
369,Sarrebourg,75,FR,1577937175,92,48.73,7.05,33.008,4.6977
370,Walvis Bay,94,NA,1577937175,87,-22.95,14.51,60.998000000000026,5.8162
371,Susurluk,75,TR,1577937175,93,39.91,28.16,41.0,13.8694
372,Ziyang,100,CN,1577937176,65,30.12,104.65,49.49600000000005,1.05139
373,Jacareacanga,100,BR,1577937176,99,-6.22,-57.76,72.608,1.74486
374,Neiafu,20,TO,1577936995,61,-18.65,-173.98,82.4,8.0532
375,Kurmanayevka,72,RU,1577937176,95,52.51,52.07,18.068000000000083,6.688630000000001
376,Nyimba,100,ZM,1577937176,81,-14.56,30.81,70.32200000000003,4.58585
377,Ahuimanu,75,US,1577937176,54,21.44,-157.84,78.80000000000001,6.9347
378,Mamou,96,GN,1577937176,25,10.37,-12.08,61.538000000000046,3.28839
379,Sao Joao da Barra,78,BR,1577937177,88,-21.64,-41.05,76.316,13.489110000000002
380,Whitehorse,75,CA,1577937177,38,60.72,-135.06,26.6,3.3555
381,Amahai,100,ID,1577937177,63,-3.31,129.0,84.29000000000002,2.48307
382,Lufilufi,46,WS,1577937177,94,-13.87,-171.6,78.00800000000001,2.99758
383,Malanje,100,AO,1577937177,98,-9.54,16.35,66.27200000000005,8.29927
384,Serowe,100,BW,1577937177,87,-22.4,26.7,69.24199999999999,5.10036
385,Clyde River,90,CA,1577937177,76,70.47,-68.59,-9.399999999999949,9.1717
386,Kudahuvadhoo,11,MV,1577937178,76,2.67,72.89,82.16600000000001,14.11547
387,Vidim,0,CZ,1577937178,100,50.47,14.53,28.004000000000055,2.237
388,Fort Nelson,75,CA,1577937178,84,58.81,-122.69,8.599999999999998,4.72007
389,Folkestone,1,US,1577937178,52,34.1,-80.94,44.99600000000005,5.8162
390,Wufeng,100,CN,1577937178,89,27.44,104.87,42.944000000000074,3.84764
391,Togur,99,RU,1577937178,93,58.36,82.83,19.04000000000002,8.12031
392,Deloraine,40,AU,1577937179,40,-41.53,146.66,78.99800000000002,18.3434
393,Phan Thiet,100,VN,1577937179,52,10.93,108.1,84.542,9.70858
394,Mount Gambier,40,AU,1577937179,46,-37.83,140.78,73.4,9.1717
395,Honiara,40,SB,1577937179,66,-9.43,159.96,87.80000000000001,9.1717
396,Gediz,100,TR,1577937179,86,38.99,29.39,26.924000000000014,13.69044
397,Rio Gallegos,75,AR,1577936951,62,-51.62,-69.22,59.0,10.2902
398,Crailsheim,90,DE,1577937180,100,49.14,10.07,30.002000000000077,1.52116
399,Labytnangi,36,RU,1577937180,89,66.66,66.39,3.6320000000000157,9.015110000000002
400,Indianola,1,US,1577937180,100,40.24,-100.42,35.6,4.6977
401,Kyabram,0,AU,1577937180,10,-36.31,145.05,93.99199999999999,7.00181
402,Aklavik,90,CA,1577937180,76,68.22,-135.01,-5.799999999999947,9.1717
403,Kirakira,16,SB,1577936995,75,-10.46,161.92,82.00400000000005,4.16082
404,Saint-Pierre,90,FR,1577937181,100,48.95,4.24,37.4,9.1717
405,Methoni,20,GR,1577937181,52,36.82,21.7,50.0,8.0532
406,Meulaboh,65,ID,1577937181,67,4.14,96.13,79.28600000000007,8.79141
407,Saint-Georges,100,CA,1577936984,90,46.12,-70.67,30.002000000000077,2.99758
408,Pangai,20,TO,1577937181,69,-19.8,-174.35,80.6,11.4087
409,Deputatskiy,26,RU,1577937182,82,69.3,139.9,-28.641999999999946,0.96191
410,San Cristobal,6,HN,1577937182,85,14.68,-86.92,64.23800000000006,5.18984
411,Hay River,90,CA,1577937182,84,60.82,-115.79,6.800000000000001,3.3555
412,San Carlos de Bariloche,20,AR,1577937099,82,-41.13,-71.31,60.8,6.9347
413,Colquiri,100,BO,1577937183,93,-17.42,-67.13,39.992,4.67533
414,Altamont,90,CA,1577937183,100,49.4,-98.5,30.2,8.0532
415,Gisborne,33,NZ,1577937183,63,-38.66,178.02,73.99400000000009,5.010880000000001
416,Komsomolskiy,100,RU,1577937183,95,67.55,63.78,5.378000000000064,14.40628
417,Caramay,35,PH,1577937183,69,10.18,119.24,83.46200000000006,9.462510000000002
418,Yatou,40,CM,1577937183,94,3.63,9.81,78.80000000000001,2.237
419,Wilmington,1,US,1577937075,79,39.75,-75.55,30.991999999999997,5.50302
420,Russkaya Polyana,100,RU,1577937184,98,53.78,73.88,33.56600000000001,18.7908
421,Kaoma,100,ZM,1577937184,93,-14.8,24.8,66.00200000000008,4.38452
422,Kaduna,0,NG,1577937184,27,10.52,7.44,56.26400000000004,14.876050000000001
423,Vanimo,28,PG,1577937184,66,-2.67,141.3,84.27200000000005,8.970369999999999
424,Klaksvik,100,FO,1577937185,93,62.23,-6.59,48.2,27.515100000000004
425,Shunyi,100,CN,1577937185,37,40.13,116.65,33.008,8.948
426,Sioux Lookout,90,CA,1577937185,85,50.1,-91.92,17.6,8.0532
427,Tarko-Sale,100,RU,1577937185,96,64.92,77.78,1.3100000000000804,6.88996
428,Nabire,6,ID,1577937185,53,-3.36,135.5,90.608,5.74909
429,Wawa,0,NG,1577937185,27,9.9,4.41,70.01600000000002,11.00604
430,Porto Novo,75,BR,1577937186,94,-23.68,-45.44,69.80000000000001,5.99516
431,Langsa,59,ID,1577936926,59,4.47,97.97,85.892,2.237
432,Arlit,0,NE,1577936891,32,18.74,7.39,45.03200000000002,7.628170000000001
433,Ahipara,19,NZ,1577937186,70,-35.17,173.16,78.00800000000001,1.99093
434,Sorland,75,NO,1577937186,75,67.67,12.69,41.0,4.6977
435,Jalu,0,LY,1577936989,86,29.03,21.55,43.12400000000001,9.283550000000002
436,Wanaka,1,NZ,1577937187,48,-44.7,169.14,65.51600000000002,8.12031
437,Otjimbingwe,100,NA,1577937187,34,-22.35,16.13,72.0680000000001,0.42503
438,Dryden,90,CA,1577937187,85,49.79,-92.84,17.6,8.0532
439,Coahuayana,35,MX,1577937187,53,18.62,-100.35,75.56000000000009,0.98428
440,Camacha,20,PT,1577937187,72,33.08,-16.33,62.6,10.2902
441,Constitucion,90,MX,1577937187,100,23.99,-104.67,42.8,5.8162
442,Taoudenni,4,ML,1577937188,27,22.68,-3.98,49.62200000000004,14.160210000000001
443,Viedma,2,AR,1577937188,85,-40.81,-62.99,61.34000000000002,13.17593
444,Tiarei,75,PF,1577937188,83,-17.53,-149.33,80.6,12.750900000000001
445,Suicheng,100,CN,1577937188,69,33.9,117.93,39.758,5.391170000000001
446,Pailon,75,BO,1577937188,94,-17.66,-62.72,75.2,4.6977
447,Srednekolymsk,100,RU,1577937188,86,67.46,153.71,-12.477999999999966,8.76904
448,Lazaro Cardenas,75,MX,1577937188,48,28.39,-105.62,44.99600000000005,3.3555
449,Shache,100,CN,1577937189,87,38.42,77.24,28.004000000000055,2.97521
450,Linkoping,51,SE,1577937189,81,58.41,15.62,42.8,18.3434
451,Sambava,100,MG,1577937189,95,-14.27,50.17,73.65200000000007,2.14752
452,Barmer,29,IN,1577937189,73,25.74,71.4,57.34400000000008,12.61668
453,Sobolevo,100,RU,1577937189,89,54.43,31.9,33.65600000000003,13.44437
454,Guerrero Negro,0,MX,1577937189,64,27.97,-114.04,60.83600000000007,13.8694
455,Llanelli,23,GB,1577937190,87,51.68,-4.16,48.2,18.3434
456,Havoysund,90,NO,1577937057,92,71.0,24.66,24.8,4.6977
457,Boshan,0,CN,1577937190,37,36.48,117.83,46.99400000000007,3.10943
458,Nago,0,IT,1577937190,86,45.88,10.89,39.00200000000008,3.3555
459,Coari,83,BR,1577937191,96,-4.09,-63.14,73.22000000000006,2.21463
460,Kruisfontein,3,ZA,1577937191,96,-34.0,24.73,57.866000000000014,3.01995
461,Santa Maria,40,BR,1577937191,88,-16.02,-48.01,71.6,4.6977
462,Vila Franca do Campo,20,PT,1577937191,77,37.72,-25.43,59.0,8.0532
463,Constantine,20,DZ,1577937191,92,36.36,6.61,30.2,3.3555
464,Novopavlovka,40,KG,1577937191,92,42.87,74.49,17.6,4.474
465,Grants Pass,90,US,1577936950,87,42.44,-123.33,50.0,1.7896
466,Ambo,96,ET,1577937192,90,8.98,37.86,50.21600000000001,7.98609
467,Opuwo,97,NA,1577937192,68,-18.06,13.84,70.19600000000005,6.57678
468,Baragua,79,CU,1577937192,88,21.7,-78.63,72.41000000000008,6.599150000000001
469,Rocha,100,UY,1577937146,85,-34.48,-54.34,65.67800000000007,8.7243
470,Biak,85,ID,1577937192,72,-0.91,122.88,83.60600000000002,4.80955
471,Progreso,75,UY,1577937192,82,-34.68,-56.22,68.0,11.4087
472,Kemi,63,FI,1577937193,74,65.74,24.56,37.4,12.750900000000001
473,Bayan,6,CN,1577937193,29,36.1,102.26,30.36200000000006,2.81862
474,Gushikawa,75,JP,1577937193,52,26.35,127.87,68.0,11.4087
475,San Ignacio,79,PE,1577937193,97,-5.15,-79.0,62.76200000000006,1.52116
476,Keti Bandar,87,PK,1577937094,33,24.14,67.45,58.49600000000005,19.28294
477,Half Moon Bay,90,US,1577937193,100,37.46,-122.43,55.99400000000007,17.2249
478,Lugovoy,84,RU,1577937194,93,59.72,65.88,1.0940000000000225,3.22128
479,Pozo Colorado,0,PY,1577937194,59,-23.49,-58.8,79.05200000000008,4.9214
480,Zhigalovo,100,RU,1577937194,94,54.81,105.15,3.5600000000000804,2.28174
481,La Mana,75,EC,1577937194,71,-0.93,-79.22,53.6,9.1717
482,Sabang,0,PH,1577937194,80,13.8,121.11,82.99400000000009,8.99274
483,San Carlos del Zulia,98,VE,1577937195,85,9.0,-71.91,75.02000000000007,0.51451
484,Talcahuano,90,CL,1577937195,93,-36.72,-73.12,57.2,8.0532
485,Khislavichi,100,RU,1577937195,90,54.19,32.16,33.74600000000005,12.68379
486,Vanavara,100,RU,1577937195,96,60.35,102.28,6.458000000000002,5.23458
487,Becerril,97,CO,1577937195,79,9.7,-73.28,74.80400000000006,2.63966
488,Chaihe,0,CN,1577937195,56,44.77,129.68,13.064000000000032,8.008460000000001
489,Doha,100,QA,1577937196,63,25.29,51.53,66.2,4.6977
490,Flin Flon,83,CA,1577937196,96,54.77,-101.88,3.2180000000000852,3.5792
491,Kuala Kedah,40,MY,1577937196,66,6.11,100.29,87.80000000000001,9.1717
492,Ostersund,100,SE,1577937108,64,63.18,14.64,39.2,13.8694
493,Kinkala,100,CG,1577937196,94,-4.35,14.75,73.4,0.78295
494,Samastipur,72,IN,1577937196,60,25.86,85.78,63.12200000000004,1.38694
495,Mount Isa,15,AU,1577936901,23,-20.73,139.49,104.0,6.9347
496,Springdale,1,US,1577937197,65,36.19,-94.13,46.99400000000007,17.2249
497,Ibipeba,100,BR,1577937197,92,-11.64,-42.01,68.57600000000009,2.79625
498,Yhu,67,PY,1577937197,71,-25.05,-55.92,75.48800000000006,5.010880000000001
499,Kedrovyy,100,RU,1577937197,74,56.17,91.82,28.4,8.948
500,Harer,90,US,1577937197,86,42.19,-111.17,28.994000000000074,4.6977
501,Anito,0,PH,1577937197,73,12.45,125.29,82.38200000000002,19.886930000000003
502,Yadrin,77,RU,1577937198,97,55.94,46.2,11.624000000000013,5.99516
503,Batemans Bay,0,AU,1577937198,42,-35.71,150.18,82.00400000000005,8.61245
504,Japura,100,ID,1577937198,71,-0.42,102.29,83.48000000000005,3.51209
505,Grand Island,75,US,1577937138,94,40.92,-98.34,39.2,5.8162
506,Ponta Pora,0,BR,1577937198,83,-22.54,-55.73,71.51000000000008,3.69105
507,North Bend,90,US,1577937198,93,43.41,-124.22,48.992,3.3555
508,Uwajima,20,JP,1577937199,57,33.22,132.57,51.8,5.8162
509,Yagoua,0,CM,1577937199,35,10.34,15.23,57.83000000000004,10.67049
510,Marzuq,0,YE,1577937199,88,14.4,46.47,60.35,3.19891
511,Alcala de Henares,0,ES,1577937199,100,40.48,-3.36,42.008,3.3555
512,Golden Gate,1,US,1577937199,56,38.36,-88.2,44.6,6.9347
513,Acajutla,2,SV,1577937199,88,13.59,-89.83,71.99600000000005,6.75574
514,Hun,75,BE,1577937200,84,50.34,4.87,35.99600000000005,8.0532
515,Puksoozero,100,RU,1577937200,93,62.59,40.61,19.058000000000003,10.491530000000001
516,Valparaiso,1,US,1577936927,64,41.47,-87.06,41.0,19.4619
517,Winchester,73,GB,1577937200,93,51.06,-1.31,48.00200000000008,8.0532
518,Ilhabela,98,BR,1577937200,86,-23.78,-45.36,78.22400000000002,18.992130000000003
519,Senador Jose Porfirio,24,BR,1577937200,92,-2.59,-51.95,74.2100000000001,4.67533
520,Astana,90,KZ,1577937201,86,51.13,71.43,26.6,17.896
521,Nyuksenitsa,9,RU,1577937201,96,60.41,44.24,8.654000000000053,5.86094
522,Chudniv,100,UA,1577937201,91,50.05,28.12,29.84000000000002,10.71523
523,Shimsk,100,RU,1577937201,87,58.21,30.71,35.22200000000004,13.73518
524,Youghal,75,IE,1577937201,100,51.95,-7.85,48.992,13.8694
525,Salekhard,36,RU,1577937202,89,66.54,66.62,3.6320000000000157,9.015110000000002
526,Benalla,0,AU,1577937202,8,-36.55,145.99,93.99199999999999,11.4087
527,Yarmouth,90,CA,1577937202,69,43.84,-66.12,37.99400000000007,19.4619
528,Aykhal,0,RU,1577937202,83,65.95,111.51,-3.9999999999999503,4.474
529,La Rioja,89,AR,1577937202,52,-29.41,-66.86,74.82200000000003,7.3821
530,Balkhash,90,KZ,1577937202,100,46.84,74.98,26.6,4.474
531,Prince George,40,CA,1577937202,76,53.92,-122.75,33.008,10.2902
532,Sandwick,100,GB,1577937203,93,54.57,-2.89,48.00200000000008,19.4619
533,Chiredzi,98,ZW,1577937203,93,-21.05,31.67,71.76200000000006,7.18077
534,Ixtapa,90,MX,1577937203,93,20.71,-105.21,64.99400000000009,6.9347
535,Porbandar,75,IN,1577937203,59,21.64,69.61,62.6,9.1717
536,Derzhavinsk,100,KZ,1577937093,93,51.1,66.31,27.716000000000008,22.99636
537,Thibodaux,90,US,1577937203,87,29.8,-90.82,60.8,3.3555
538,Kathu,0,ZA,1577937204,88,-27.7,23.05,66.99199999999999,8.83615
539,Champerico,5,MX,1577937204,65,16.38,-93.6,77.0,8.0532
540,Tuatapere,16,NZ,1577937204,43,-46.13,167.69,64.058,6.599150000000001
541,Hailar,0,CN,1577937022,91,49.2,119.7,-8.265999999999956,13.019340000000001
542,Chabahar,97,IR,1577937204,84,25.29,60.65,64.61600000000001,12.03506
543,Eyl,0,SO,1577937076,82,7.98,49.82,78.00800000000001,18.746060000000003
544,Piacabucu,100,BR,1577937205,82,-10.41,-36.43,78.53000000000004,10.402050000000001
545,Brodokalmak,90,RU,1577937205,100,55.57,62.07,23.0,3.40024
546,Iracoubo,56,GF,1577937205,73,5.48,-53.21,79.46600000000001,12.90749
547,Comarapa,100,BO,1577937205,93,-17.91,-64.53,60.8,3.3555
548,Sencha,56,UA,1577937205,91,50.26,33.34,29.06600000000001,12.3035
549,Ola,93,RU,1577937205,79,59.58,151.3,18.482000000000014,37.805299999999995
550,Cayenne,97,GF,1577937205,94,4.94,-52.33,71.6,4.138450000000001
551,Ruwi,33,OM,1577937206,46,23.6,58.55,71.6,3.3555
552,Sukhodol,94,RU,1577937206,94,53.9,51.22,14.252000000000077,12.281130000000001
553,Roebourne,100,AU,1577937092,43,-20.77,117.15,87.27800000000008,7.04655
554,Honningsvag,100,NO,1577937206,76,70.98,25.97,26.762000000000057,18.70132
555,Atar,100,MR,1577937206,17,20.52,-13.05,56.19199999999999,20.423810000000003
556,Ambilobe,100,MG,1577936908,86,-13.19,49.05,77.25200000000008,1.72249
557,Corner Brook,90,CA,1577937207,92,48.95,-57.95,32.0,5.8162
558,Varzob,90,TJ,1577937207,80,38.78,68.82,41.0,4.474
559,Tagusao,61,PH,1577937207,73,9.19,117.81,82.81400000000004,12.460090000000001
560,Moctezuma,0,MX,1577937207,62,29.81,-109.68,47.87600000000009,2.28174
561,Heidelberg,90,DE,1577937207,100,49.41,8.69,32.0,3.3555
562,Deep River,90,CA,1577937208,86,46.1,-77.49,30.002000000000077,2.237
563,Bom Jesus,95,BR,1577937208,90,-9.08,-44.36,71.43800000000005,2.16989
564,Jieshi,1,CN,1577937208,71,22.82,115.83,66.00200000000008,6.95707
565,Alyangula,40,AU,1577937208,56,-13.85,136.42,93.2,11.4087
566,Tamasane,100,BW,1577937208,69,-22.42,27.4,77.0,2.237
567,Nome,90,US,1577937208,82,30.04,-94.42,60.00800000000001,4.6977
568,Grand Gaube,75,MU,1577937209,88,-20.01,57.66,80.99600000000005,8.20979
569,Omsukchan,87,RU,1577937209,96,62.53,155.8,-0.7959999999999496,3.95949
570,Semirom,97,IR,1577937191,93,31.41,51.57,25.358000000000004,4.004230000000001
571,Bilibino,89,RU,1577937209,66,68.06,166.44,-18.16599999999996,4.49637
572,Beringovskiy,0,RU,1577937209,79,63.05,179.32,-13.863999999999983,14.29443
573,Wanlaweyn,0,SO,1577937209,84,2.62,44.89,73.97600000000008,7.56106
574,Paramonga,82,PE,1577937209,90,-10.68,-77.82,68.36000000000008,8.88089
575,Solnechnyy,0,RU,1577937210,87,50.72,136.64,-5.331999999999965,5.167470000000001
576,Goya,0,AR,1577937210,73,-29.14,-59.27,72.82400000000001,8.07557
577,Katsuura,40,JP,1577937210,51,33.93,134.5,53.99600000000005,11.4087
578,Bin Qirdan,34,TN,1577937210,54,33.14,11.22,49.15400000000005,11.699510000000002
579,Kirovskiy,0,RU,1577937210,72,45.09,133.51,8.599999999999998,6.53204
580,Bilma,0,NE,1577936988,60,18.69,12.92,41.288000000000046,15.659
581,Sao Gabriel da Cachoeira,100,BR,1577937210,83,-0.13,-67.09,76.91000000000008,1.31983
582,Abong Mbang,99,CM,1577937211,48,3.98,13.18,62.96000000000008,1.94619
583,Port Hardy,40,CA,1577937211,93,50.7,-127.42,35.6,5.8162
584,Shumerlya,84,RU,1577937211,96,55.5,46.42,12.97400000000001,5.50302
585,Stolin,100,BY,1577937211,92,51.89,26.85,31.76600000000001,12.639050000000001
586,Nanlong,37,CN,1577937211,60,31.35,106.05,50.91800000000009,2.84099
587,Tarakan,20,ID,1577937212,83,3.3,117.63,82.4,6.9347
588,Abu Zabad,56,SD,1577937212,23,12.35,29.25,67.26200000000006,8.366380000000001
589,Coffs Harbour,13,AU,1577937212,69,-30.3,153.13,93.2,17.2249
590,Marienburg,0,DE,1577937212,92,52.12,9.98,35.00600000000003,2.237
591,Kurkino,96,RU,1577937212,93,53.42,38.66,26.383999999999993,9.90991
592,Severobaykalsk,90,RU,1577937212,88,55.65,109.32,9.680000000000039,8.948
593,Kinablangan,100,PH,1577937212,95,7.69,126.55,74.19200000000001,6.91233
594,Sur,12,OM,1577937213,77,22.57,59.53,66.092,9.86517
595,Raudeberg,100,NO,1577937098,81,61.99,5.14,51.998000000000026,28.857300000000002
596,Oriximina,98,BR,1577937213,76,-1.77,-55.87,78.72800000000007,3.40024
597,Halifax,90,CA,1577937097,100,44.65,-63.58,35.00600000000003,11.4087
598,Santa Vitoria do Palmar,100,BR,1577937213,83,-33.52,-53.37,68.52200000000005,10.155980000000001
599,Pergamino,0,AR,1577937101,85,-33.9,-60.57,69.99800000000002,1.99093
600,Mungaoli,62,IN,1577937214,88,24.41,78.09,55.20200000000008,9.75332
601,Murgab,40,TM,1577937214,100,37.5,61.97,33.8,4.6977
602,Westport,1,US,1577937086,55,41.14,-73.36,35.99600000000005,4.6977
603,Chuzhou,100,CN,1577937214,88,32.25,118.33,43.592,5.256950000000001
604,Quatre Cocos,75,MU,1577937068,88,-20.21,57.76,80.99600000000005,4.89903
605,Bandarbeyla,16,SO,1577937214,80,9.49,50.81,78.49400000000009,15.435300000000002
606,Bonavista,72,CA,1577937215,88,48.65,-53.11,33.49400000000007,22.43711
607,Nerchinskiy Zavod,0,RU,1577937215,84,51.31,119.61,-10.371999999999936,3.42261
608,Tessalit,19,ML,1577937215,26,20.2,1.01,47.102000000000075,11.54292
609,Narrabri,52,AU,1577937215,16,-30.33,149.78,105.8,12.750900000000001
610,Tommot,100,RU,1577937215,95,58.97,126.27,-15.447999999999972,6.53204
611,Fuerte,0,PH,1577937216,56,17.54,120.36,84.7760000000001,8.07557
612,Gatesville,90,US,1577937216,81,31.44,-97.74,53.99600000000005,10.2902
613,Moth,20,IN,1577937216,80,25.73,78.95,54.158,7.292619999999999
614,Gerash,78,IR,1577937216,87,27.67,54.14,46.4,2.237
615,Nileshwar,20,IN,1577937216,83,12.25,75.1,80.6,5.8162
616,Pangnirtung,12,CA,1577937216,52,66.15,-65.72,-7.257999999999953,4.29504
617,Sheboygan,75,US,1577937034,74,43.75,-87.71,42.008,10.2902
618,Santa Cruz,89,BR,1577937217,91,-6.22,-36.02,73.04000000000002,4.96614
619,Vestmannaeyjar,88,IS,1577937217,72,63.44,-20.27,33.728000000000065,29.77447
620,Novosheshminsk,27,RU,1577937217,95,55.06,51.22,7.574000000000012,8.20979
621,Viking,27,CA,1577937218,87,53.1,-111.78,19.004000000000055,4.83192
622,Fortuna,90,US,1577937218,100,40.6,-124.16,51.998000000000026,8.0532
623,Jennings,0,AU,1577937218,30,-28.93,151.93,87.00800000000001,1.99093
624,Perth,75,AU,1577937218,56,-31.95,115.86,75.00200000000008,16.1064
625,Gat,0,SN,1577937065,35,14.69,-16.54,71.6,12.750900000000001
626,Flinders,0,AU,1577937218,50,-34.58,150.85,77.0,12.750900000000001
627,Tyazhinskiy,100,RU,1577937218,85,56.11,88.52,23.522000000000034,15.30108
628,Alexandroupoli,7,GR,1577937219,58,40.85,25.88,39.00200000000008,5.010880000000001
629,Makasar,40,ID,1577937219,79,-6.28,106.88,89.99600000000005,6.9347
630,Trat,52,TH,1577937219,55,12.25,102.51,89.00600000000003,6.9347
631,Ranau,75,MY,1577937219,74,5.95,116.67,86.0,3.3555
632,Pangkalanbuun,100,ID,1577936943,81,-2.68,111.62,80.49199999999999,3.44498
633,Petropavlovsk-Kamchatskiy,36,RU,1577937219,79,53.05,158.65,19.4,4.474
634,Jaciara,100,BR,1577937219,84,-15.95,-54.98,74.49800000000002,2.34885
635,Guane,91,CU,1577937220,80,22.2,-84.09,76.96400000000003,10.80471
636,Kutum,2,SD,1577937220,28,14.2,24.66,60.062000000000054,6.2636
637,Merauke,34,ID,1577937220,40,-8.49,140.4,94.92800000000007,4.9214
638,Verkhoyansk,56,RU,1577937220,87,67.55,133.39,-29.64999999999995,3.19891
639,Takoradi,64,GH,1577937220,69,4.89,-1.75,80.07800000000006,2.72914
640,Marfino,90,RU,1577937220,92,56.07,37.56,30.2,15.659
641,Troina,0,IT,1577937221,86,37.79,14.6,51.998000000000026,10.2902
642,Bunda,1,TZ,1577937221,87,-2.02,33.87,61.79000000000002,5.033250000000001
643,Shelburne,1,CA,1577937112,79,44.08,-80.2,30.002000000000077,6.9347
644,Ulaangom,44,MN,1577937221,89,49.98,92.07,-13.035999999999966,2.39359
645,Kindersley,40,CA,1577937130,100,51.47,-109.16,21.002000000000077,13.8694
646,La Palma,75,CO,1577937221,96,5.36,-74.39,68.45,2.28174
647,Yumen,5,CN,1577937222,58,40.29,97.04,19.418000000000085,2.6844
648,Oranjestad,20,AW,1577937222,74,12.52,-70.03,80.6,14.987900000000002
649,Fare,95,PF,1577937222,80,-16.7,-151.02,81.89600000000004,18.81317
650,Aksarka,31,RU,1577937222,87,66.56,67.8,3.5780000000000634,11.744250000000001
651,Havre-Saint-Pierre,90,CA,1577937006,92,50.23,-63.6,28.4,9.1717
652,Tuensang,95,IN,1577937222,63,26.24,94.81,57.21800000000009,1.00665
653,Christiana,0,ZA,1577937223,75,-27.91,25.16,68.09000000000003,13.04171
654,Vitoria do Mearim,100,BR,1577937223,98,-3.46,-44.87,74.96600000000001,2.34885
655,Toamasina,75,MG,1577937223,94,-18.17,49.38,78.80000000000001,3.3555
656,Bafoulabe,0,ML,1577937223,15,13.81,-10.83,64.67000000000007,5.480650000000001
657,Padilla,75,CO,1577937223,78,3.23,-76.31,73.4,9.1717
658,Formosa,100,BR,1577937223,96,-15.55,-47.33,66.52400000000002,3.55683
659,Sangar,67,RU,1577937224,98,63.92,127.47,-36.65199999999997,3.01995
660,Kisangani,92,CD,1577937224,74,0.52,25.21,74.94800000000004,2.28174
661,Rio Bananal,95,BR,1577937224,93,-19.26,-40.34,71.20400000000006,0.93954
662,Palu,100,ID,1577937224,69,-0.9,119.87,81.23000000000005,3.01995
663,Grindavik,75,IS,1577937224,54,63.84,-22.43,30.2,32.2128
664,Hanmer Springs,100,NZ,1577937224,61,-42.52,172.83,67.78399999999999,4.51874
665,Cotonou,0,BJ,1577937225,50,6.37,2.43,75.2,8.0532
666,Birjand,40,IR,1577937225,74,32.86,59.22,35.6,4.6977
667,Taunggyi,71,MM,1577937225,75,20.78,97.03,66.65,1.87908
668,Kodinsk,100,RU,1577937225,95,58.6,99.18,18.23000000000004,5.391170000000001
669,Dong Hoi,54,VN,1577937057,86,17.48,106.6,74.084,8.276900000000001
670,Necochea,57,AR,1577937225,1,-38.55,-58.74,59.0,4.004230000000001
671,Ha Tinh,85,VN,1577937225,91,18.33,105.9,71.22200000000004,8.948
672,Ruteng,93,ID,1577937226,83,-8.61,120.46,76.4600000000001,2.6844
673,Fuyang,100,CN,1577937226,79,32.89,115.81,40.02800000000006,4.38452
674,Paamiut,100,GL,1577937226,68,61.99,-49.67,20.840000000000018,9.26118
675,Canora,90,CA,1577937226,100,51.64,-102.43,26.6,12.750900000000001
676,Namie,40,JP,1577937227,51,37.52,140.86,48.00200000000008,14.987900000000002
677,Praia,100,BR,1577937227,93,-20.25,-43.81,63.69800000000002,1.83434
678,Kimbe,36,PG,1577937227,61,-5.56,150.15,87.98000000000005,6.75574
679,Byron Bay,10,AU,1577937227,61,-28.65,153.62,93.2,14.987900000000002
680,Seoul,90,KR,1577937061,64,37.57,126.98,39.2,1.1185
681,Simplicio Mendes,100,BR,1577937227,82,-7.85,-41.91,73.90400000000005,3.24365
682,Presidencia Roque Saenz Pena,27,AR,1577937227,52,-26.79,-60.44,76.92800000000007,7.74002
683,Mahon,75,IE,1577937228,100,51.89,-8.4,48.00200000000008,13.8694
684,Flagstaff,1,US,1577937194,69,35.2,-111.65,37.4,4.6977
685,Buala,55,SB,1577936975,72,-8.15,159.59,82.92200000000004,3.1318
686,Tecolutla,29,MX,1577937228,88,17.31,-98.74,60.314000000000036,5.83857
687,Panaba,3,MX,1577937228,85,21.28,-88.27,75.52400000000002,10.021760000000002
688,Khudat,39,AZ,1577937228,81,41.63,48.68,37.63399999999999,5.61487
689,Aswan,53,EG,1577937228,43,24.09,32.9,50.57600000000009,5.5925
690,Pankrushikha,100,RU,1577937229,94,53.83,80.35,29.87600000000009,19.529010000000003
691,Visnes,100,NO,1577937229,87,59.36,5.22,44.99600000000005,19.4619
692,Bunia,62,CD,1577937229,57,1.56,30.25,74.94800000000004,2.81862
693,Namtsy,60,RU,1577937229,65,62.72,129.66,-38.199999999999946,5.83857
694,Poso,100,ID,1577937229,74,-1.4,120.75,76.44200000000001,3.60157
695,Kidal,0,ML,1577937229,26,18.44,1.41,48.812000000000054,16.50906
696,Bhagalpur,94,IN,1577937230,63,25.25,86.98,64.13000000000005,5.055619999999999
697,Bulgan,0,MN,1577937230,76,48.81,103.53,8.168000000000085,5.010880000000001
698,Rapid Valley,40,US,1577937230,93,44.06,-103.15,41.0,13.8694
699,Pitsunda,100,GE,1577937230,93,43.16,40.34,35.6,2.237
700,Nishihara,75,JP,1577937230,49,35.74,139.53,53.00600000000003,8.0532
701,San Quintin,0,PH,1577937231,56,17.54,120.52,84.7760000000001,8.07557
702,Monte Alegre,69,BR,1577937231,85,-2.0,-54.07,75.65,4.80955
703,Pijijiapan,86,MX,1577937231,87,15.69,-93.21,72.42800000000007,4.048970000000001
704,Iisalmi,28,FI,1577937231,80,63.56,27.19,39.2,17.2249
705,Norwich,0,GB,1577937231,93,52.63,1.29,42.998000000000026,9.1717
706,Abadan,53,IR,1577937232,93,30.36,48.26,48.2,4.51874
707,Los Llanos de Aridane,100,ES,1577937101,51,28.66,-17.92,62.6,8.0532
708,Campbellsville,1,US,1577937232,52,37.34,-85.34,44.00600000000003,11.4087
709,Mercedes,0,UY,1577937232,91,-33.25,-58.03,63.82400000000001,9.14933
710,Bingol,41,TR,1577937232,82,38.88,40.49,19.99400000000007,3.6463099999999997
711,Makat,71,KZ,1577937232,91,47.65,53.35,33.044000000000075,14.070730000000001
712,Puerto Cabezas,99,NI,1577937232,95,14.04,-83.39,72.01400000000004,2.08041
713,Mathbaria,100,BD,1577937233,66,22.29,89.96,67.74800000000002,5.391170000000001
714,Strezhevoy,90,RU,1577937233,85,60.73,77.6,14.0,6.711
715,Daru,57,PG,1577937233,49,-9.07,143.21,90.75200000000008,8.29927
716,Tual,96,ID,1577937233,73,-5.67,132.75,84.07400000000001,7.56106
717,Yerbogachen,84,RU,1577937233,98,61.28,108.01,-1.8579999999999544,6.241230000000001
718,Vung Tau,59,VN,1577937047,54,10.35,107.08,82.36400000000003,5.63724
719,Birin,100,NP,1577937234,66,26.89,88.07,49.424000000000014,1.83434
720,Isiolo,32,KE,1577937234,77,0.35,37.58,67.65800000000002,1.47642
721,Barcelos,8,BR,1577937234,88,-0.97,-62.93,72.78800000000004,2.66203
722,Port Macquarie,90,AU,1577937234,61,-31.43,152.91,87.99800000000002,10.2902
723,Lazarev,100,RU,1577937234,76,52.23,141.51,2.6780000000000648,16.374840000000003
724,Starychi,90,UA,1577937235,89,49.97,23.55,32.0,11.185
725,Boyolangu,81,ID,1577937235,67,-8.09,111.9,84.47000000000006,4.33978
726,Avila,1,US,1577937235,74,38.91,-76.61,35.99600000000005,5.70435
727,Montepuez,100,MZ,1577937235,99,-13.13,39.0,70.98800000000006,2.5278099999999997
728,Panjab,100,AF,1577937235,94,34.38,67.02,9.374000000000013,6.80048
729,Taldan,100,RU,1577937236,80,53.69,124.82,-3.027999999999963,8.925630000000002
730,Prince Rupert,90,CA,1577937127,74,54.32,-130.32,35.6,12.750900000000001
731,Suntar,100,RU,1577937236,92,62.16,117.65,-6.303999999999952,6.77811
732,Zheleznodorozhnyy,90,RU,1577937236,92,55.75,38.0,30.2,8.948
733,Wiang Sa,20,TH,1577937236,74,8.64,99.37,86.0,9.1717
734,Dahra,44,DZ,1577937236,75,36.25,0.85,44.6,6.9347
735,Khandyga,100,RU,1577937236,96,62.65,135.58,-26.247999999999976,0.8948
736,Wooster,1,US,1577936968,80,40.8,-81.94,37.4,11.4087
737,Kasongo,100,CD,1577937237,95,-4.43,26.67,71.22200000000004,0.93954
738,Khategaon,40,IN,1577937237,86,22.6,76.91,62.47400000000002,7.56106
739,Little Current,90,CA,1577937237,74,45.98,-81.93,35.00600000000003,11.4087
740,Nelson Bay,90,AU,1577937237,69,-32.72,152.14,77.0,12.750900000000001
741,Cap Malheureux,75,MU,1577937237,88,-19.98,57.61,80.99600000000005,8.20979
742,Superior,1,US,1577937238,41,39.95,-105.17,42.8,16.1064
743,Teya,20,MX,1577937238,88,21.05,-89.07,77.0,4.6977
744,Veraval,90,FR,1577937238,100,49.65,0.71,42.8,4.6977
745,Vostok,10,RU,1577937238,83,46.45,135.83,-0.6339999999999435,7.74002
746,Waingapu,100,ID,1577937238,74,-9.65,120.26,83.75,11.36396
747,Reyes,100,BO,1577937238,99,-14.3,-67.34,69.87200000000004,0.20133
748,Bealanana,100,MG,1577937238,96,-14.54,48.75,64.058,2.05804
749,Krivosheino,99,RU,1577937239,92,57.34,83.93,24.098000000000024,10.066500000000001
750,Porto Empedocle,0,IT,1577937239,85,37.29,13.53,46.004000000000055,5.65961
751,Jiblah,15,YE,1577937239,91,13.92,44.15,60.530000000000044,1.38694
752,Sihora,75,IN,1577937239,77,23.49,80.11,60.8,9.1717
753,Magadan,100,RU,1577937239,80,59.56,150.8,20.678000000000065,32.50361
754,Shakhtinsk,79,KZ,1577937239,85,49.71,72.59,17.6,2.237
755,Peremyshlyany,90,UA,1577937240,87,49.67,24.56,32.0,11.185
756,Lancaster,1,US,1577937061,74,40.04,-76.31,30.991999999999997,4.6977
757,Nybro,100,SE,1577937240,80,56.75,15.91,39.2,16.1064
758,La Libertad,75,PE,1577937240,76,-16.38,-71.56,55.400000000000006,2.28174
759,Orlik,27,PL,1577937240,69,53.95,17.74,35.00600000000003,3.3555
760,Salvador,40,BR,1577936988,78,-12.98,-38.48,77.0,4.6977
761,Yazoo City,40,US,1577937241,54,32.86,-90.41,53.6,4.6977
762,Areka,100,ET,1577937241,67,7.07,37.71,65.66000000000008,2.99758
763,Verkhnevilyuysk,100,RU,1577937241,93,63.45,120.31,-28.155999999999977,2.03567
764,Le Port,100,FR,1577937241,90,42.87,1.37,35.99600000000005,1.85671
765,Cooma,90,AU,1577937241,26,-36.24,149.13,78.80000000000001,6.9347
766,Calvinia,0,ZA,1577937242,72,-31.47,19.78,58.1,3.87001
767,Port-Gentil,97,GA,1577937242,76,-0.72,8.78,82.56200000000007,10.334940000000001
768,Lavos,90,PT,1577937242,93,40.09,-8.83,46.004000000000055,11.4087
769,Tabat,74,ID,1577937242,52,-2.64,115.23,93.63200000000002,1.94619
770,Margate,35,AU,1577937242,40,-43.03,147.26,73.00400000000005,16.1064
771,Yekimovichi,100,RU,1577937243,92,54.11,33.29,31.460000000000083,12.639050000000001
772,Muisne,26,EC,1577937243,88,0.61,-80.02,76.13600000000008,7.65054
773,Arman,100,RU,1577937243,90,59.7,150.17,21.344000000000072,33.19708
774,Palmer,33,AU,1577937243,23,-34.85,139.16,87.99800000000002,7.314990000000001
775,Torrijos,0,ES,1577937244,84,39.98,-4.28,39.992,2.63966
776,Qasigiannguit,100,GL,1577937244,71,68.82,-51.19,6.800000000000001,4.6977
777,Tadine,42,NC,1577937244,54,-21.55,167.88,78.76400000000004,10.75997
778,Teguise,1,ES,1577937244,72,29.06,-13.56,64.4,18.3434
779,Springbok,0,ZA,1577937244,63,-29.67,17.88,49.11800000000009,2.57255
780,Ostrovnoy,100,RU,1577937244,90,68.05,39.51,15.854000000000052,15.994550000000002
781,Kalmunai,65,LK,1577937245,79,7.42,81.82,81.89600000000004,13.019340000000001
782,Aksu,100,KZ,1577937245,82,52.04,76.93,32.0,22.37
783,Rincon,0,PA,1577937245,88,8.46,-82.28,62.99600000000005,3.04232
784,Pasighat,84,IN,1577937245,59,28.06,95.33,64.41800000000009,2.03567
785,Teahupoo,75,PF,1577937245,83,-17.83,-149.27,80.6,12.750900000000001
786,Marrakesh,0,MA,1577937246,57,31.63,-7.99,48.2,4.6977
787,Trairi,97,BR,1577937246,88,-3.28,-39.27,75.63200000000002,2.37122
788,Beausejour,90,CA,1577937246,85,50.06,-96.51,24.998000000000026,11.4087
789,Albury,0,AU,1577937246,11,-36.08,146.92,93.99199999999999,5.8162
790,Suleja,28,NG,1577937246,19,9.18,7.18,68.01800000000009,6.01753
791,Evensk,100,RU,1577937247,80,61.92,159.24,9.878000000000064,12.258760000000002
792,Chanika,100,MW,1577937247,99,-12.93,34.19,68.59400000000008,2.86336
793,Tevaitoa,100,PF,1577937247,79,-16.78,-151.5,81.91400000000004,16.95646
794,Punta Alta,0,AR,1577937247,83,-27.46,-55.82,77.0,8.0532
795,Kambove,100,CD,1577937247,96,-10.88,26.6,61.46600000000001,1.5659
796,Bundaberg,40,AU,1577937248,52,-24.87,152.35,87.99800000000002,12.750900000000001
797,Kurilsk,100,RU,1577937248,82,45.23,147.88,22.28000000000004,18.723689999999998
798,Bytow,27,PL,1577937248,69,54.17,17.49,35.00600000000003,3.3555
799,Nuristan,90,UZ,1577937248,93,38.49,65.64,42.8,4.6977
800,Malpe,0,IN,1577937248,78,13.35,74.72,80.6,3.3555
801,Ranong,75,TH,1577937076,74,9.96,98.62,84.2,4.6977
802,Tura,97,RU,1577937249,98,64.27,100.22,-13.503999999999955,5.077990000000001
803,Santa Marta,81,CO,1577937127,65,11.24,-74.21,82.4,8.0532
804,Sao Jose da Coroa Grande,100,BR,1577937249,77,-8.9,-35.15,80.042,12.90749
805,Tokur,100,RU,1577937249,95,53.13,132.9,-17.337999999999944,2.57255
806,Chisinau,91,MD,1577937249,85,47.01,28.86,24.998000000000026,7.74002
807,Leshukonskoye,54,RU,1577937250,98,64.9,45.76,3.110000000000081,5.45828
808,Maceio,40,BR,1577936992,83,-9.67,-35.74,77.0,2.237
809,Esmeraldas,75,BR,1577936977,100,-19.76,-44.31,66.2,6.9347
810,Takestan,26,IR,1577937250,92,36.07,49.69,30.2,2.237
811,Bilhaur,95,IN,1577937250,57,26.84,80.06,57.398000000000025,6.30834
812,Ketchikan,90,US,1577937250,86,55.34,-131.65,33.8,12.750900000000001
813,Guaraniacu,0,BR,1577937250,95,-25.1,-52.88,66.90200000000007,2.59492
814,Mawlaik,100,MM,1577937251,61,23.63,94.42,66.59600000000006,2.25937
815,Diamantina,100,BR,1577937251,95,-18.24,-43.6,64.86800000000008,0.8948
816,Gornyak,100,KZ,1577937251,82,51.0,81.46,19.616000000000007,15.56952
817,Andreapol,100,RU,1577937251,87,56.65,32.27,33.13399999999999,11.94558
818,Wladyslawowo,42,PL,1577937251,69,54.79,18.4,39.00200000000008,3.3555
819,Guanica,12,PR,1577937251,95,17.97,-66.91,78.99800000000002,4.0266
820,Ibb,15,YE,1577937252,91,13.97,44.18,60.530000000000044,1.38694
821,Nemuro,40,JP,1577937252,50,43.32,145.57,28.4,10.2902
822,Livramento,100,BR,1577937252,78,-3.03,-60.18,80.6,4.6977
823,Gravelbourg,95,CA,1577937252,96,49.88,-106.56,26.348000000000024,7.20314
824,Aginskoye,0,RU,1577937252,87,51.11,114.54,1.7240000000000109,6.420190000000001
825,Dawson Creek,20,CA,1577937252,64,55.76,-120.23,39.2,14.987900000000002
826,Yasothon,20,TH,1577937253,54,15.8,104.15,82.4,14.987900000000002
827,Yepifan,100,RU,1577937253,93,53.83,38.55,28.220000000000063,11.140260000000001
828,Tashtagol,100,RU,1577937253,86,52.76,87.85,19.958000000000006,4.474
829,Saint-Louis,45,SN,1577937253,27,16.03,-16.5,68.0,6.9347
830,Laguna,20,BZ,1577937253,94,16.17,-88.94,73.4,1.31983
831,Sidi Ali,0,DZ,1577937254,76,36.1,0.42,44.6,1.18561
832,Svetlogorsk,90,RU,1577937254,100,53.14,59.15,24.8,11.185
833,Brainerd,75,US,1577936998,92,46.36,-94.2,30.2,4.58585
834,Grenfell,0,AU,1577937254,8,-33.9,148.16,98.34800000000003,8.23216
835,Coracora,100,PE,1577937254,89,-15.02,-73.78,47.030000000000044,4.51874
836,Ginda,95,IN,1577937076,38,30.69,78.49,42.35,2.93047
837,Sawakin,96,SD,1577937255,78,19.1,37.33,75.39800000000002,11.923210000000001
838,Balakhninskiy,100,RU,1577937255,98,58.01,114.28,-5.29599999999995,0.20133
839,Tiznit,0,MA,1577937255,33,29.7,-9.73,49.56800000000008,7.33736
840,Mhlume,100,SZ,1577937255,89,-26.03,31.81,75.00200000000008,1.20798
841,Saint-Paul-les-Dax,0,FR,1577937255,93,43.73,-1.05,39.992,3.3555
842,Yurla,85,RU,1577937256,97,59.33,54.32,0.8600000000000314,4.22793
843,Adre,0,TD,1577937256,27,13.47,22.2,57.992,9.82043
844,Ojinaga,1,US,1577937256,45,29.56,-104.41,46.4,5.8162
845,Ula,75,TR,1577937256,76,37.1,28.42,48.2,11.4087
846,Inhambane,76,MZ,1577937256,83,-23.87,35.38,78.38600000000008,9.68621
847,Itoman,75,JP,1577937256,52,26.12,127.67,68.0,11.4087
848,Gravdal,88,NO,1577937257,87,59.79,5.78,44.99600000000005,19.4619
849,Khorramshahr,57,IR,1577937257,93,30.43,48.18,48.2,3.95949
850,Thinadhoo,28,MV,1577937257,76,0.53,72.93,82.92200000000004,13.33252
851,Gilbues,100,BR,1577937257,82,-9.83,-45.34,73.54400000000007,1.45405
852,Tabou,96,CI,1577937257,95,4.42,-7.36,74.858,2.81862
853,Bouna,0,CI,1577937257,17,9.27,-3.0,65.03000000000004,6.91233
854,Kabansk,0,RU,1577937257,68,52.06,106.65,-16.59999999999995,3.17654
855,Seymchan,99,RU,1577937258,83,62.93,152.39,0.4460000000000477,6.509670000000001
856,Riverton,1,US,1577937258,59,43.02,-108.38,33.8,23.041100000000004
857,Zastron,0,ZA,1577937258,68,-30.3,27.08,62.024000000000015,3.55683
858,Basco,1,US,1577937258,52,40.33,-91.2,48.992,11.4087
859,Gizo,40,IL,1577937076,87,31.8,34.94,51.00800000000001,3.3555
860,Harur,20,IN,1577937258,74,12.06,78.48,78.80000000000001,3.3555
861,Huangzhou,100,CN,1577937258,84,30.44,114.88,45.98600000000007,2.95284
862,Requena,75,ES,1577937259,93,39.49,-1.1,44.99600000000005,3.3555
863,Alice Town,0,BS,1577937259,60,25.72,-79.3,74.984,9.41777
864,Antalaha,100,MG,1577937259,81,-14.9,50.28,80.67200000000004,9.55199
865,Chifeng,0,CN,1577937259,33,42.27,118.96,21.236000000000068,6.88996
866,Agliana,0,IT,1577937259,100,43.9,11.0,39.992,1.1185
867,Pareora,100,NZ,1577937259,75,-44.49,171.21,64.00400000000005,9.99939
868,Conceicao do Araguaia,98,BR,1577937259,94,-8.26,-49.26,73.61600000000001,1.94619
869,Mozarlandia,100,BR,1577937260,87,-14.74,-50.57,74.51600000000002,5.74909
870,Kungurtug,43,RU,1577937260,79,50.6,97.53,3.8660000000000068,2.72914
871,Konskie,0,PL,1577937260,1,51.19,20.41,33.008,9.52962
872,Preobrazheniye,0,RU,1577937136,41,42.9,133.91,18.302000000000078,5.122730000000001
873,Beoumi,0,CI,1577937260,39,7.67,-5.58,66.2,9.1717
874,Kingaroy,0,AU,1577937260,29,-26.54,151.84,91.4,5.8162
875,Jequitinhonha,77,BR,1577937261,98,-16.43,-41.0,66.93800000000005,3.8029
876,Kushiro,40,JP,1577937261,42,43.11,144.15,28.4,13.8694
877,Pastavy,100,BY,1577937054,91,55.11,26.84,35.54600000000005,15.077380000000002
878,Sibolga,49,ID,1577937261,63,1.74,98.78,82.56200000000007,3.01995
879,Daphne,90,US,1577937261,66,30.6,-87.9,62.99600000000005,10.55864
880,Varkaus,82,FI,1577937261,86,62.32,27.87,37.4,10.2902
881,Mantua,0,IT,1577937261,86,45.16,10.79,39.00200000000008,3.3555
882,Port Hueneme,1,US,1577937054,76,34.15,-119.2,57.00200000000008,3.3555
883,Karema,97,TZ,1577937262,78,-6.82,30.44,71.63600000000008,4.56348
884,Freeport,0,BS,1577936962,57,26.54,-78.7,72.86000000000008,7.18077
885,Berlevag,100,NO,1577937262,87,70.86,29.09,29.51600000000001,19.9093
886,Ossora,100,RU,1577937262,92,59.24,163.07,28.472000000000037,19.32768
887,Gurkovo,20,BG,1577937262,92,42.98,23.69,26.99600000000005,2.237
888,Lichtenburg,28,ZA,1577937263,69,-26.15,26.16,65.51600000000002,7.18077
889,Roald,100,NO,1577937263,66,62.58,6.12,51.998000000000026,27.515100000000004
890,Kajaani,39,FI,1577937263,85,64.22,27.73,37.4,21.922600000000003
891,Motygino,98,RU,1577937263,94,58.18,94.69,22.1,6.643890000000001
892,Zlobin,0,HR,1577937263,31,45.29,14.65,46.4,8.0532
893,Severodvinsk,90,RU,1577937263,92,64.56,39.82,17.6,8.948
894,Cascavel,0,BR,1577937263,88,-24.96,-53.44,68.43200000000002,1.7896
895,Hami,100,CN,1577937264,55,42.84,93.51,21.956000000000028,4.33978
896,Voh,0,NC,1577937264,81,-20.95,164.69,76.26200000000006,14.339170000000001
897,Emerald,0,AU,1577937264,28,-23.53,148.16,96.99800000000003,13.8694
898,Manaure,80,CO,1577937264,78,11.78,-72.45,79.17800000000007,20.91595
899,Palembang,32,ID,1577937264,67,-2.99,104.76,85.64000000000001,5.41354
900,Kangaatsiaq,100,GL,1577937264,88,68.31,-53.46,8.294000000000072,9.104590000000002
901,Teknaf,100,BD,1577937265,86,20.86,92.31,71.69000000000003,2.237
902,Corvallis,90,US,1577937265,93,44.56,-123.26,48.2,3.3555
903,Bonfim,55,GY,1577937265,60,3.36,-59.84,80.11400000000003,11.76662
904,Zyryanka,100,RU,1577937265,96,65.73,150.89,-19.839999999999968,7.18077
905,Dawlatabad,100,AF,1577937265,75,36.41,64.91,44.61800000000009,1.43168
906,Purpe,82,RU,1577937265,97,64.48,76.69,-2.7939999999999756,7.51632
907,Riyadh,100,SA,1577937266,46,24.63,46.72,53.6,3.3555
908,Hot Springs,90,US,1577937266,57,34.5,-93.06,50.0,4.6977
909,Mbandaka,100,CD,1577937266,65,0.05,18.26,73.99400000000009,1.1185
910,Darhan,0,MN,1577937266,81,49.49,105.92,-0.8679999999999879,2.5278099999999997
911,Neuquen,75,AR,1577937266,25,-38.95,-68.06,84.2,11.4087
912,Perelyub,85,RU,1577937267,94,51.87,50.37,20.21000000000008,11.520550000000002
913,Lakhdenpokhya,100,RU,1577937267,88,61.52,30.2,35.00600000000003,10.91656
914,Lakes Entrance,0,AU,1577937267,51,-37.88,147.99,73.00400000000005,8.008460000000001
915,Bara,33,NG,1577937267,29,10.41,10.6,54.986000000000075,9.55199
916,Botwood,90,CA,1577937267,86,49.14,-55.34,33.8,26.396600000000003
917,Dolores,0,UY,1577937267,91,-33.53,-58.22,63.82400000000001,9.14933
918,Yanam,85,IN,1577937268,78,16.73,82.22,77.0,11.4087
